Beijing,Tokyo
Beijing,Bangkok
Beijing,Ottawa
Beijing,Los Angeles
Beijing,Alaska
Beijing,Sydney
Beijing,Suva
Beijing,Oakland
Beijing,Moscow
Beijing,Stockholm
Beijing,Geneva
Bangkok,Oakland
Bangkok,Khartoum
Bangkok,Rio de Janeiro
Ottawa,Alaska
Ottawa,Lima
Los Angeles,Geneva
Los Angeles,Khartoum
Alaska,Rio de Janeiro
Sydney,Ottawa
Sydney,Lima
Beijing,Cape Town
Sydney,Rio de Janeiro
Sydney,Santiago
Suva,Beijing
Suva,Tokyo
Suva,Bangkok
Suva,Ottawa
Beijing,Khartoum
Beijing,Lima
Oakland,Alaska
Oakland,Stockholm
Beijing,Rio de Janeiro
Beijing,Santiago
Tokyo,Beijing
Stockholm,Alaska
Stockholm,Sydney
Stockholm,Suva
Stockholm,Oakland
Stockholm,Moscow
Tokyo,Bangkok
Stockholm,Geneva
Stockholm,Cape Town
Geneva,Tokyo
Tokyo,Ottawa
Geneva,Los Angeles
Tokyo,Los Angeles
Tokyo,Alaska
Tokyo,Sydney
Tokyo,Suva
Tokyo,Oakland
Tokyo,Moscow
Tokyo,Stockholm
Santiago,Cape Town
Santiago,Khartoum
Santiago,Lima
Santiago,Rio de Janeiro
Tokyo,Rio de Janeiro
Tokyo,Geneva
Tokyo,Cape Town
Tokyo,Khartoum
Tokyo,Lima
Tokyo,Santiago
Bangkok,Beijing
Bangkok,Tokyo
Bangkok,Ottawa
Bangkok,Los Angeles
Bangkok,Alaska
Bangkok,Sydney
Bangkok,Suva
Bangkok,Moscow
Bangkok,Stockholm
Bangkok,Geneva
Bangkok,Cape Town
Bangkok,Lima
Bangkok,Santiago
Ottawa,Beijing
Ottawa,Tokyo
Ottawa,Bangkok
Ottawa,Los Angeles
Ottawa,Sydney
Ottawa,Suva
Ottawa,Oakland
Ottawa,Moscow
Ottawa,Stockholm
Ottawa,Geneva
Ottawa,Cape Town
Ottawa,Khartoum
Ottawa,Rio de Janeiro
Ottawa,Santiago
Los Angeles,Beijing
Los Angeles,Tokyo
Los Angeles,Bangkok
Los Angeles,Ottawa
Los Angeles,Alaska
Los Angeles,Sydney
Los Angeles,Suva
Los Angeles,Oakland
Los Angeles,Moscow
Los Angeles,Stockholm
Los Angeles,Cape Town
Los Angeles,Lima
Los Angeles,Rio de Janeiro
Los Angeles,Santiago
Alaska,Beijing
Alaska,Tokyo
Alaska,Bangkok
Alaska,Ottawa
Alaska,Los Angeles
Alaska,Sydney
Alaska,Suva
Alaska,Oakland
Alaska,Moscow
Alaska,Stockholm
Alaska,Geneva
Alaska,Cape Town
Alaska,Khartoum
Alaska,Lima
Alaska,Santiago
Sydney,Beijing
Sydney,Tokyo
Sydney,Bangkok
Sydney,Los Angeles
Sydney,Alaska
Sydney,Suva
Sydney,Oakland
Sydney,Moscow
Sydney,Stockholm
Sydney,Geneva
Sydney,Cape Town
Sydney,Khartoum
Suva,Los Angeles
Suva,Alaska
Suva,Sydney
Suva,Oakland
Suva,Moscow
Suva,Stockholm
Suva,Geneva
Suva,Cape Town
Suva,Khartoum
Suva,Lima
Suva,Rio de Janeiro
Suva,Santiago
Oakland,Beijing
Oakland,Tokyo
Oakland,Bangkok
Oakland,Ottawa
Oakland,Los Angeles
Oakland,Sydney
Oakland,Suva
Oakland,Moscow
Oakland,Geneva
Oakland,Cape Town
Oakland,Khartoum
Oakland,Lima
Oakland,Rio de Janeiro
Oakland,Santiago
Moscow,Beijing
Moscow,Tokyo
Moscow,Bangkok
Moscow,Ottawa
Moscow,Los Angeles
Moscow,Alaska
Moscow,Sydney
Moscow,Suva
Moscow,Oakland
Moscow,Stockholm
Moscow,Geneva
Moscow,Cape Town
Moscow,Khartoum
Moscow,Lima
Moscow,Rio de Janeiro
Moscow,Santiago
Stockholm,Beijing
Stockholm,Tokyo
Stockholm,Bangkok
Stockholm,Ottawa
Stockholm,Los Angeles
Stockholm,Khartoum
Stockholm,Lima
Stockholm,Rio de Janeiro
Stockholm,Santiago
Geneva,Beijing
Geneva,Bangkok
Geneva,Ottawa
Geneva,Alaska
Geneva,Sydney
Geneva,Suva
Geneva,Oakland
Geneva,Moscow
Geneva,Stockholm
Geneva,Cape Town
Geneva,Khartoum
Geneva,Lima
Geneva,Rio de Janeiro
Geneva,Santiago
Cape Town,Beijing
Cape Town,Tokyo
Cape Town,Bangkok
Cape Town,Ottawa
Cape Town,Los Angeles
Cape Town,Alaska
Cape Town,Sydney
Cape Town,Suva
Cape Town,Oakland
Cape Town,Moscow
Cape Town,Stockholm
Cape Town,Geneva
Cape Town,Khartoum
Cape Town,Lima
Cape Town,Rio de Janeiro
Cape Town,Santiago
Khartoum,Beijing
Khartoum,Tokyo
Khartoum,Bangkok
Khartoum,Ottawa
Khartoum,Los Angeles
Khartoum,Alaska
Khartoum,Sydney
Khartoum,Suva
Khartoum,Oakland
Khartoum,Moscow
Khartoum,Stockholm
Khartoum,Geneva
Khartoum,Cape Town
Khartoum,Lima
Khartoum,Rio de Janeiro
Khartoum,Santiago
Lima,Beijing
Lima,Tokyo
Lima,Bangkok
Lima,Ottawa
Lima,Los Angeles
Lima,Alaska
Lima,Sydney
Lima,Suva
Lima,Oakland
Lima,Moscow
Lima,Stockholm
Lima,Geneva
Lima,Cape Town
Lima,Khartoum
Lima,Rio de Janeiro
Lima,Santiago
Rio de Janeiro,Beijing
Rio de Janeiro,Tokyo
Rio de Janeiro,Bangkok
Rio de Janeiro,Ottawa
Rio de Janeiro,Los Angeles
Rio de Janeiro,Alaska
Rio de Janeiro,Sydney
Rio de Janeiro,Suva
Rio de Janeiro,Oakland
Rio de Janeiro,Moscow
Rio de Janeiro,Stockholm
Rio de Janeiro,Geneva
Rio de Janeiro,Cape Town
Rio de Janeiro,Khartoum
Rio de Janeiro,Lima
Rio de Janeiro,Santiago
Santiago,Beijing
Santiago,Tokyo
Santiago,Bangkok
Santiago,Ottawa
Santiago,Los Angeles
Santiago,Alaska
Santiago,Sydney
Santiago,Suva
Santiago,Oakland
Santiago,Moscow
Santiago,Stockholm
Santiago,Geneva
